windows,win_rate,rw_spd_pct,score,mean_pct,uniform_rw_spd_pct,mean_excess,min_excess,selection_metric,active_terms,a_ma,a_dd,bias,a_mvrv,m_max
2007,72.04783258594918,59.31984622471033,65.68383940532976,44.861165812432816,44.1534515035299,5.720104089476966,-20.697136890648796,58.454499199191,4,1.0,0.5,0.2,1.0,5.0
2007,72.94469357249626,50.88025639222332,61.9124749823598,43.35837803251118,44.1534515035299,4.21731630955534,-19.358178890844677,58.15153580250372,3,1.0,1.0,0.0,0.5,5.0
2007,71.15097159940208,58.727405836156834,64.93918871777946,44.98037957571526,44.1534515035299,5.83931785275942,-18.251953018201437,58.06567558755867,3,0.0,0.5,0.2,1.0,5.0
2007,72.29696063776781,59.319844347068525,65.80840249241817,43.80434455719174,44.1534515035299,4.6632828342358925,-19.3189424447515,58.050652597479775,4,1.0,0.5,0.2,1.0,3.0
2007,72.14748380667663,54.916333093601324,63.53190845013898,43.62721110498606,44.1534515035299,4.486149382030209,-18.229114973376017,57.887347455831346,4,1.0,0.5,0.2,0.5,5.0
2007,72.84504235176881,49.5468724164995,61.195957384134154,42.855488048157035,44.1534515035299,3.7144263252012024,-14.509225006196807,57.85026519996292,3,1.0,0.5,0.0,0.5,5.0
2007,75.0373692077728,45.72560911310751,60.381489160440154,40.662619504103496,44.1534515035299,1.5215577811476522,-10.98616531298238,57.84999435593815,2,1.0,0.5,0.0,0.0,3.0
2007,75.0373692077728,45.72560911310751,60.381489160440154,40.662619504103496,44.1534515035299,1.5215577811476522,-10.98616531298238,57.84999435593815,2,1.0,0.5,0.0,0.0,5.0
2007,72.44643746885899,54.38217559492538,63.41430653189218,43.21469903822868,44.1534515035299,4.073637315272835,-15.100908286290831,57.83056825354383,3,0.0,0.5,0.2,0.5,5.0
2007,72.39661185849526,54.38217559492536,63.38939372671031,43.2071722021451,44.1534515035299,4.066110479189254,-15.111211032612047,57.80189203032018,3,0.0,0.5,0.2,0.5,3.0
2007,72.99451918285999,50.880256379962184,61.93738778141109,42.58573002459228,44.1534515035299,3.4446683016364448,-18.9736573129196,57.790124603726134,3,1.0,1.0,0.0,0.5,3.0
2007,72.39661185849526,50.343704161620735,61.370158010058,43.010800825130914,44.1534515035299,3.869739102175072,-17.044281625868425,57.70370634181309,2,0.0,1.0,0.0,0.5,5.0
2007,72.74539113104136,49.546872416488576,61.146131773764964,42.66197718472882,44.1534515035299,3.520915461772978,-14.51979212016262,57.70368415788509,3,1.0,0.5,0.0,0.5,3.0
2007,72.29696063776781,50.343704160036566,61.32033239890219,42.793850982677064,44.1534515035299,3.6527892597212186,-17.026190953999432,57.545405810222434,2,0.0,1.0,0.0,0.5,3.0
2007,71.64922770303936,55.33429543213213,63.49176156758574,43.440139029672636,44.1534515035299,4.299077306716793,-19.757851034752164,57.544683366356,3,1.0,1.0,0.0,1.0,3.0
2007,71.94818136522171,54.91633309050215,63.43225722786193,43.09052026468621,44.1534515035299,3.9494585417303694,-18.17400130833301,57.51935081495397,4,1.0,0.5,0.2,0.5,3.0
2007,70.10463378176382,60.14546958943479,65.1250516855993,44.82180903434612,44.1534515035299,5.680747311390276,-22.043815779201132,57.46322140805497,3,0.0,1.0,0.2,1.0,5.0
2007,70.6028898854011,55.33429912890121,62.96859450715115,44.31350570405394,44.1534515035299,5.172443981098092,-21.551213879853886,57.45819779472752,3,1.0,1.0,0.0,1.0,5.0
2007,70.95166915794718,58.72740396120508,64.83953655957613,43.87860715235446,44.1534515035299,4.737545429398611,-18.112935981569407,57.41513815515082,3,0.0,0.5,0.2,1.0,3.0
2007,70.95166915794718,60.75737495107361,65.8545220545104,43.81683606133892,44.1534515035299,4.675774338383072,-22.181483968653566,57.38425260964305,4,1.0,1.0,0.2,1.0,3.0
2007,70.95166915794718,60.1454593788165,65.54856426838184,43.79643692493703,44.1534515035299,4.655375201981186,-20.196993318445227,57.37405304144211,3,0.0,1.0,0.2,1.0,3.0
2007,70.30393622321873,53.30787884103189,61.8059075321253,44.33248315144228,44.1534515035299,5.191421428486441,-15.194942559411782,57.31820968733051,2,0.0,0.5,0.0,1.0,5.0
2007,72.24713502740408,49.03579367874833,60.6414643530762,42.37734515044947,44.1534515035299,3.2362834274936194,-11.35081481726558,57.31224008892678,2,0.0,0.5,0.0,0.5,3.0
2007,72.24713502740408,49.03579367874833,60.6414643530762,42.37734515044947,44.1534515035299,3.2362834274936194,-11.35081481726558,57.31224008892678,2,0.0,0.5,0.0,0.5,5.0
2007,70.00498256103637,54.72767993865982,62.366331249848095,44.57133270159179,44.1534515035299,5.430270978635949,-19.721988485073936,57.28815763131408,2,0.0,1.0,0.0,1.0,5.0
2007,70.0548081714001,53.89014936217576,61.97247876678793,44.48410314438339,44.1534515035299,5.343041421427551,-17.78199967329489,57.26945565789174,3,1.0,0.5,0.0,1.0,5.0
2007,69.8555057299452,60.75738510195873,65.30644541595197,44.62241687243813,44.1534515035299,5.481355149482286,-24.593733946662798,57.238961301191665,4,1.0,1.0,0.2,1.0,5.0
2007,70.85201793721974,57.674321248522006,64.26316959287087,43.44864904927882,44.1534515035299,4.307587326322981,-22.70273947159018,57.15033349324928,2,0.0,2.0,0.0,1.0,3.0
2007,69.75585450921774,58.32709132404371,64.04147291663072,44.50173966593093,44.1534515035299,5.36067794297508,-27.333226969516982,57.128797087574334,3,1.0,2.0,0.0,1.0,5.0
2007,70.802192326856,58.32706681746491,64.56462957216046,43.43618293865082,44.1534515035299,4.295121215694988,-23.97021930828721,57.11918763275341,3,1.0,2.0,0.0,1.0,3.0
2007,72.6457399103139,46.92931038549954,59.78752514790672,41.43914484083049,44.1534515035299,2.2980831178746426,-16.483643459448107,57.04244237557219,2,1.0,1.0,0.0,0.0,5.0
2007,72.59591429995017,46.92931038549954,59.76261234272485,41.39009540154957,44.1534515035299,2.2490336785937317,-16.492658282192778,56.99300485074987,2,1.0,1.0,0.0,0.0,3.0
2007,70.0548081714001,56.278907131989136,63.16685765169461,43.9196565946969,44.1534515035299,4.778594871741061,-22.632297870757625,56.9872323830485,4,1.0,1.0,0.2,0.5,5.0
2007,70.15445939212755,55.72196825222891,62.93821382217823,43.75923546757036,44.1534515035299,4.618173744614517,-19.888597155654207,56.956847429848956,3,0.0,1.0,0.2,0.5,5.0
2007,70.15445939212755,53.30787882822291,61.73116911017523,43.714216744567125,44.1534515035299,4.573155021611281,-15.16731852790426,56.93433806834734,2,0.0,0.5,0.0,1.0,3.0
2007,69.45690084703537,57.67434613138403,63.5656234892097,44.35474122748223,44.1534515035299,5.213679504526378,-25.172538800976195,56.905821037258804,2,0.0,2.0,0.0,1.0,5.0
2007,70.30393622321873,54.727676223518266,62.5158062233685,43.406467903305575,44.1534515035299,4.265406180349729,-19.025317839499706,56.855202063262155,2,0.0,1.0,0.0,1.0,3.0
2007,70.4035874439462,56.27890664774738,63.341247045846785,43.16134455698526,44.1534515035299,4.020282834029423,-21.380392152331105,56.78246600046573,4,1.0,1.0,0.2,0.5,3.0
2007,70.15445939212755,53.89014933716263,62.022304364645095,43.38231316414924,44.1534515035299,4.241251441193401,-17.450840773719687,56.768386278138394,3,1.0,0.5,0.0,1.0,3.0
2007,70.55306427503737,53.08635562627614,61.81970995065676,42.90185497952828,44.1534515035299,3.7607932565724322,-21.954540501847195,56.727459627282826,2,0.0,2.0,0.0,0.5,3.0
2007,70.55306427503737,53.67371514480716,62.11338970992227,42.86393354424297,44.1534515035299,3.7228718212871277,-23.796212688084353,56.70849890964017,3,1.0,2.0,0.0,0.5,3.0
2007,73.24364723467862,45.28845982664828,59.26605353066345,40.05960498620366,44.1534515035299,0.9185432632478171,-7.211374792717191,56.65162611044114,1,0.0,0.5,0.0,0.0,3.0
2007,73.24364723467862,45.28845982664828,59.26605353066345,40.05960498620366,44.1534515035299,0.9185432632478171,-7.211374792717191,56.65162611044114,1,0.0,0.5,0.0,0.0,5.0
2007,70.15445939212755,55.7219677782128,62.938213585170175,43.11291097021493,44.1534515035299,3.971849247259082,-19.602188790191608,56.63368518117124,3,0.0,1.0,0.2,0.5,3.0
2007,71.99800697558545,46.467582956413445,59.232794965999446,40.90120006056082,44.1534515035299,1.7601383376049717,-13.552890254293303,56.44960351807313,1,0.0,1.0,0.0,0.0,3.0
2007,71.99800697558545,46.467582956413445,59.232794965999446,40.90120006056082,44.1534515035299,1.7601383376049717,-13.552890254293303,56.44960351807313,1,0.0,1.0,0.0,0.0,5.0
2007,69.25759840558047,53.67372589865525,61.46566215211786,43.5819206149595,44.1534515035299,4.4408588920036625,-26.468755570391878,56.419759510269984,3,1.0,2.0,0.0,0.5,5.0
2007,69.05829596412556,53.08636645213181,61.07233120812869,43.552976190198684,44.1534515035299,4.411914467242831,-24.365480216037923,56.30563607716212,2,0.0,2.0,0.0,0.5,5.0
2007,67.51370204285003,63.69223586004365,65.60296895144684,44.92259277797942,44.1534515035299,5.781531055023579,-29.792477168910782,56.21814741041472,4,1.0,2.0,0.2,1.0,5.0
2007,70.70254110612855,50.924500826986595,60.813520966557576,41.59774862911833,44.1534515035299,2.456686906162488,-15.568480833565765,56.15014486762344,3,1.0,0.5,0.2,0.0,3.0
2007,70.70254110612855,50.924500826986595,60.813520966557576,41.59774862911833,44.1534515035299,2.456686906162488,-15.568480833565765,56.15014486762344,3,1.0,0.5,0.2,0.0,5.0
2007,68.46038863976084,63.02713402216398,65.7437613309624,43.81217427269116,44.1534515035299,4.671112549735311,-24.650625580169397,56.136281456226,3,0.0,2.0,0.2,1.0,3.0
2007,68.46038863976084,63.487052716792874,65.97372067827686,43.80284551442641,44.1534515035299,4.661783791470568,-25.23120086842955,56.13161707709362,4,1.0,2.0,0.2,1.0,3.0
2007,67.36422521175885,63.04621386509889,65.20521953842888,44.82932042278508,44.1534515035299,5.688258699829234,-27.844747999944136,56.09677281727197,3,0.0,2.0,0.2,1.0,5.0
2007,70.00498256103637,49.47044196250221,59.73771226176929,42.072791459781854,44.1534515035299,2.9317297368260125,-23.36122466387866,56.03888701040911,2,1.0,2.0,0.0,0.0,3.0
2007,69.50672645739911,52.17828753577863,60.84250699658887,42.296123753441385,44.1534515035299,3.1550620304855395,-20.340275459302102,55.901425105420245,3,1.0,1.0,0.2,0.0,5.0
2007,67.41405082212258,59.09977102151348,63.25691092181803,44.22856093496901,44.1534515035299,5.087499212013157,-29.079425617247395,55.82130587854579,4,1.0,2.0,0.2,0.5,5.0
2007,68.31091180866966,58.49924120414279,63.405076506406225,43.245268904576015,44.1534515035299,4.1042071816201755,-24.542112411242325,55.77809035662284,3,0.0,2.0,0.2,0.5,3.0
2007,68.31091180866966,59.09974772438567,63.70532976652767,43.22697428510346,44.1534515035299,4.085912562147617,-25.286053515858328,55.76894304688656,4,1.0,2.0,0.2,0.5,3.0
2007,69.50672645739911,48.95808361795535,59.23240503767723,42.000901786423015,44.1534515035299,2.859840063467173,-21.171668088787523,55.75381412191106,1,0.0,2.0,0.0,0.0,3.0
2007,69.35724962630793,52.17828753572752,60.76776858101773,42.068024843035474,44.1534515035299,2.926963120079634,-20.308913926942804,55.7126372346717,3,1.0,1.0,0.2,0.0,3.0
2007,68.85899352267066,49.47044236166501,59.16471794216783,42.473623200989806,44.1534515035299,3.3325614780339627,-24.938217396161033,55.66630836183023,2,1.0,2.0,0.0,0.0,5.0
2007,67.01544593921275,58.49926484903475,62.75735539412375,44.0703279258818,44.1534515035299,4.929266202925958,-26.936951271574088,55.542886932547276,3,0.0,2.0,0.2,0.5,5.0
2007,68.80916791230692,48.95808400661802,58.88362595946247,42.252553489013174,44.1534515035299,3.1114917660573314,-22.95521871218232,55.53086070066004,1,0.0,2.0,0.0,0.0,5.0
2007,68.16143497757847,54.26297587731543,61.212205427446946,42.61589669321031,44.1534515035299,3.4748349702544594,-24.130905545695615,55.38866583539439,2,0.0,2.0,0.2,0.0,3.0
2007,68.95864474339811,51.687915813539426,60.32328027846877,41.8143758076568,44.1534515035299,2.673314084700955,-17.126856088922537,55.386510275527456,2,0.0,1.0,0.2,0.0,3.0
2007,68.95864474339811,51.687915813539426,60.32328027846877,41.8143758076568,44.1534515035299,2.673314084700955,-17.126856088922537,55.386510275527456,2,0.0,1.0,0.2,0.0,5.0
2007,68.11160936721475,54.80060509965869,61.456107233436725,42.56640821592603,44.1534515035299,3.425346492970184,-25.312939494473973,55.33900879157039,3,1.0,2.0,0.2,0.0,3.0
2007,69.50672645739911,50.45768389555894,59.98220517647903,41.04183659015437,44.1534515035299,1.900774867198524,-11.351867438849862,55.274281523776736,2,0.0,0.5,0.2,0.0,3.0
2007,69.50672645739911,50.45768389555894,59.98220517647903,41.04183659015437,44.1534515035299,1.900774867198524,-11.351867438849862,55.274281523776736,2,0.0,0.5,0.2,0.0,5.0
2007,66.86596910812158,54.800610547028015,60.833289827574795,43.11721748886638,44.1534515035299,3.9761557659105407,-28.269299296706244,54.99159329849398,3,1.0,2.0,0.2,0.0,5.0
2007,66.61684105630295,54.26298134748789,60.43991120189541,42.97970620499034,44.1534515035299,3.838644482034499,-25.11120838466557,54.79827363064665,2,0.0,2.0,0.2,0.0,5.0
